{"camera_matrix": [[693.6755116557308, 0.0, 333.0918066996424], [0.0, 692.9705675368416, 242.14876440149766], [0.0, 0.0, 1.0]], "dist_coeffs": [[0.18920221857226321, -0.6546273894302373, 0.001854865706190982, 0.009077799745138143, 0.29267421924653897]]}