{"camera_matrix": [[841.082967771085, 0.0, 321.9642499846477], [0.0, 842.339425606094, 218.64690912269867], [0.0, 0.0, 1.0]], "dist_coeffs": [[0.03963108763608489, 0.2728368064868362, -2.4603806542226565e-05, 0.0051545567748237636, -2.4761242555344496]]}